RFC,MLP,SVC,LinearSVC,NuSVC,SGD,LR,KNC,LSTM,BERT
0.966374269005848,0.9539473684210527,0.9638157894736842,0.9641812865497076,0.9543128654970761,0.8987573099415205,0.9667397660818714,0.9506578947368421,0.964546799659729,0.9597952961921692